<scheme xmlns="http://moise.sourceforge.net/schemas/moise.xsd"
        xmlns:xsi="http://www.w3.org/2001/XMLSchema-instance"
        xsi:schemaLocation="http://moise.sourceforge.net/schemas/moise.xsd">

    <roleset>
        <role id="plane" cardinality="1..*" />
    </roleset>

    <group id="plane_group" max="5" min="2">
        <roles>
            <role ref="plane"/>
        </roles>
    </group>

    <missionset>
        <mission id="landing_mission">
            <goal id="land_plane" type="achievement"/>
        </mission>
    </missionset>

    <scheme_goals>
        <goal id="safe_landing" type="achievement"/>
    </scheme_goals>

</scheme>